,A,B,C,D
2000-01-01,0.8870793350028375,0.8300833277499529,-0.02556748897164175,0.8190236912255067
2000-01-02,1.2799756890251306,1.8359654316772642,0.9481330686552139,0.7499123590465808
2000-01-03,0.15748039084814458,0.02869320664992281,0.34000932562943764,1.0328155732757318
2000-01-04,-0.43149915409855033,0.9175246148226561,0.3304039983603769,1.1383669585843685
2000-01-05,-1.8826643237499359,-0.8770802874665065,-0.05497690326519228,0.3746169998884904
2000-01-06,-0.08186282393920585,-1.9280758854215279,-0.6499581950237383,-1.604871177902767
2000-01-07,-0.36047240996285485,-1.418388436134991,-1.8480345811225605,-0.7065392512916818
2000-01-08,-0.90506533614318,-3.57791409193509,-1.2086638565480308,-0.495128830382612
2000-01-09,-0.10872559099176493,-4.961684948299511,-1.4760894736231767,-0.12492191517586787
2000-01-10,-2.247403811724791,-4.252126060683192,-1.516286554726298,-0.6219812489485914
2000-01-11,-1.4312300858475933,-4.3455038875504455,-1.2083558331982638,-0.8355750921085614
2000-01-12,-2.4733110249732086,-4.154493470179142,-2.504340848818357,-1.38489728819345
2000-01-13,-2.6569610132482113,-4.483320712079037,-2.3332918181557876,-1.8875933377051473
2000-01-14,-1.8808551416362356,-5.1581482324463765,-3.432797764638372,-0.416643282963149
2000-01-15,-0.13723103170365913,-3.952902582098732,-2.6845809106695997,-0.20935340833868113
2000-01-16,-0.12249656544595419,-3.7293505989914246,-1.9552244264682463,0.22138608206989188
2000-01-17,1.8044448355868217,-4.195954066597919,-2.140793023957272,-0.05258160697423095
2000-01-18,3.7083778483891594,-6.249255792868848,-1.2738821404142158,0.015787391739527076
2000-01-19,5.3618192810584935,-5.413308886434052,0.28137122685459404,-0.2840120842685127
2000-01-20,4.992724697088652,-5.923013067735587,0.3364912704966426,-1.5430137964052724
2000-01-21,4.791668919131937,-6.447796984656024,1.8763242119307844,-1.374800539739724
2000-01-22,4.070765117824704,-7.360633268989561,2.835458297728905,-1.3910738366203426
2000-01-23,4.337451721811625,-8.373100085085317,1.5585190926211783,-0.1795826131656053
2000-01-24,2.2204909693739054,-8.6288959734495,1.825507469073035,1.143949793064445
2000-01-25,0.37883383965235984,-8.067183730641604,0.17476858160568232,0.3948859940107702
2000-01-26,1.3193734548128337,-5.763873282317578,1.4565112834763931,2.678092969220957
2000-01-27,0.9914798645140152,-4.60031061254656,2.4195495290191538,1.578541904833564
2000-01-28,1.1440180384749536,-5.0180191800352825,3.726640236135381,1.545398686118694
2000-01-29,1.23670410043224,-3.6623909331652404,4.354746430810239,1.0302087186791953
2000-01-30,2.5353932922427367,-3.0107833015150263,6.468435348749212,0.8612152029835646
2000-01-31,2.053487612940695,-4.024103296315792,7.365945234174743,0.20786308444762114
2000-02-01,0.2139169368201852,-3.9321913108402784,7.740449777374841,-1.6396228391977545
2000-02-02,1.2348679660514317,-4.116559789615845,6.95116902681332,-1.7912028058405183
2000-02-03,1.9485397817988326,-4.896545733900708,7.075290805849349,-2.4106610430724036
2000-02-04,2.614819787438405,-7.653940414640266,6.707743123710309,-3.7892738476434613
2000-02-05,4.077484767095349,-8.946430363016386,5.925758834325134,-3.58380214292825
2000-02-06,4.8948020233809215,-9.079326167677602,7.688778164589552,-4.453719508399604
2000-02-07,6.199649227859498,-9.212711000596624,7.123786421668747,-3.2947065440652126
2000-02-08,6.883982132628462,-8.887683795042996,8.156583739830978,-4.455762736789547
2000-02-09,5.721417823400715,-9.238894501200008,8.989829164436328,-5.050981673529876
2000-02-10,5.7497859552094885,-9.170655133986495,9.657249446410654,-5.0775062573449885
2000-02-11,3.3334305101596002,-9.314875287467705,10.055332576097587,-4.879750422177056
2000-02-12,2.1474108746216953,-10.565816323494921,8.904809570162431,-6.727817020241368
2000-02-13,3.4215075832768322,-11.11836420502975,8.726194571709163,-6.852837202186757
2000-02-14,2.6832994116090743,-11.954137296123621,8.04973117928873,-6.727133504940933
2000-02-15,-0.2924389418536637,-12.257855285267581,9.265042050458222,-7.774827065058153
2000-02-16,-0.0053096859367856575,-10.969997969676506,10.754066140018725,-6.838051789667252
2000-02-17,-0.18055855957664127,-10.520352679723436,8.895020257621024,-6.5271084581531005
2000-02-18,-0.016063843423494567,-10.202020843586146,9.489248956833293,-7.554266931555902
2000-02-19,-0.005833271372962148,-9.145765198250619,10.080175716728604,-7.661683843177389
2000-02-20,0.8765396442573677,-8.27993518794867,10.468217728972155,-8.448827277690803
2000-02-21,2.906418847861169,-8.096515311524769,10.888017637638445,-8.273661034213868
2000-02-22,3.2984688837121663,-8.025768075383834,11.505241531233093,-8.679346228645262
2000-02-23,5.385214013419279,-8.568781418870117,9.602994497111718,-8.899210829557127
2000-02-24,5.161830424846988,-7.856473333037039,7.536006389097715,-8.801849313438984
2000-02-25,4.450088458554394,-6.045067493468537,7.258896236862786,-7.280210105923674
2000-02-26,4.622914210718142,-4.039434780669707,7.815904806277926,-8.023249202920177
2000-02-27,3.5356556285789424,-4.939864648389295,6.598722123786938,-9.524500558469533
2000-02-28,4.6287479136385965,-5.855384397705178,7.113399327488601,-10.21941294521564
2000-02-29,5.001078565631815,-6.968811357105838,7.933042710973534,-11.058470400970378
2000-03-01,4.309448838059112,-7.398399716840481,8.556448590815068,-9.701688488533186
2000-03-02,4.899969647422743,-7.95056562010011,8.51879775494215,-9.412388501517661
2000-03-03,4.2678055412745834,-7.637613018185297,8.537101545973973,-8.930362144961894
2000-03-04,4.374288467190967,-7.947200682399334,8.422390113330842,-10.097493136336285
2000-03-05,4.377307363528906,-9.154647043138215,8.859803287051346,-8.78793402543633
2000-03-06,5.684045292427762,-8.655498414556954,8.58118986403261,-8.743372468968014
2000-03-07,5.198825308168698,-10.136204912075298,8.529537568498332,-10.063150910230524
2000-03-08,5.5870592934099275,-10.92250993971851,8.697871283516088,-10.133119359255003
2000-03-09,6.005343012464384,-8.165753495612337,8.723124077477713,-9.998972134032705
2000-03-10,7.762882882891905,-7.58232303621149,8.62547927174208,-9.955986971477042
2000-03-11,7.846851740178256,-8.104096951986566,10.204753245092549,-9.315422322597914
2000-03-12,8.328024445442413,-8.722670050120467,9.980654776405427,-8.849140514461473
2000-03-13,9.84248245675126,-9.213622641797196,9.076155470227553,-8.425915536409256
2000-03-14,10.233354374919388,-9.36278030267033,7.741251594303625,-8.61892324184011
2000-03-15,8.914323966069512,-9.429978660005734,7.712649871494418,-7.098697737542395
2000-03-16,9.60853885592564,-9.576888303821683,7.588707375357376,-6.966819197994697
2000-03-17,9.033006302860203,-7.593186959498638,8.448411217444496,-7.045383015224059
2000-03-18,8.173355290367665,-6.452207801971822,9.866410843556473,-7.324431889223634
2000-03-19,8.621688711770405,-6.111008489513682,10.69982273638135,-7.483660799579346
2000-03-20,7.646144365212383,-7.145319280574502,10.166142098006206,-7.247227949638844
2000-03-21,7.122376828927426,-5.356774618698129,9.057799464342542,-6.718922606909069
2000-03-22,6.565506708230871,-5.85651407838382,8.502007359926134,-5.364333993614743
2000-03-23,6.190791072149856,-7.104718846040909,9.56571963548332,-5.4505707037165685
2000-03-24,7.1422691639055875,-8.036135519624409,9.506599061917841,-5.33682639902807
2000-03-25,5.082057893600768,-8.097250479732688,10.70434335001517,-4.400174958932081
2000-03-26,7.579148729290782,-8.847555599176038,10.125601750767736,-4.971665164381885
2000-03-27,6.3795940548245875,-9.045911235185168,11.495375760618398,-3.8094579738903973
2000-03-28,6.401820127849583,-8.269285821222194,10.787581984520855,-3.3027310847980864
2000-03-29,6.007958963538593,-7.164564566453832,12.121990782415622,-2.9761591152258746
2000-03-30,5.662000437616585,-5.493689674716665,11.605280421809246,-3.9815921967759023
2000-03-31,6.091303841736148,-6.0992719997081775,11.859896940769062,-3.7870466239360985
2000-04-01,6.83639711417276,-6.545049269991604,11.908121410415086,-3.560069461710537
2000-04-02,6.827495031226488,-8.182247040558755,14.066701155551717,-4.431312628960853
2000-04-03,8.27053900024055,-8.551218107647534,15.56960145184535,-5.056597745820875
2000-04-04,8.102265237844195,-7.032161801290278,14.46596626638405,-5.172813382721343
2000-04-05,6.789644383051935,-5.485810452745489,14.544203520404453,-5.219936760003378
2000-04-06,5.350274766860885,-5.8674065530562425,15.281906024527878,-5.1393295187044785
2000-04-07,5.49456123916059,-4.3831321778724925,14.286373741844843,-5.6969990916279665
2000-04-08,4.83797154585863,-5.217582622563894,13.818864273488986,-5.694113981866311
2000-04-09,7.012505110472269,-5.065700433862097,14.796047567505155,-5.2905818864089404
2000-04-10,7.2782060791789105,-3.9551020843754845,14.605789228811824,-7.023888591326371
2000-04-11,6.844675629682275,-3.544543544255565,14.344203453554277,-8.715395081852982
2000-04-12,6.785521155351992,-4.344393689137037,15.019694883445059,-7.198093165824628
2000-04-13,7.085409532250277,-3.9286399011880473,15.282377574011004,-5.7368270697657255
2000-04-14,6.848601847103062,-3.3001108395761376,16.415777457766957,-6.649118443833263
2000-04-15,7.611928777934109,-1.6766797564323912,18.34000702068286,-6.397949880704124
2000-04-16,6.404085765121465,-1.129292357562968,18.146656958583712,-5.959262544397864
2000-04-17,7.58471053317312,-1.028220943559846,17.933301453148996,-7.3958227636703135
2000-04-18,7.816214255517609,1.863699341047877,17.164715428030473,-7.978259618979015
2000-04-19,9.672481248727149,3.138050923408799,17.410848046099385,-7.298908648126318
2000-04-20,8.982328263643707,4.297816388423724,17.897762063628548,-8.134811901765094
2000-04-21,11.019641761239102,2.6250948899366717,19.508637038193847,-6.483168784455756
2000-04-22,12.134950131505159,1.790159951976735,18.119362316437105,-7.900200410417544
2000-04-23,12.748462078144017,2.7094898177251436,18.91706934912668,-7.5830420938044645
2000-04-24,12.895169236075622,2.9147600820515986,20.61559718649757,-8.833145812847777
2000-04-25,14.227832908817671,3.2083065761438325,20.72840299790318,-8.576526200677005
2000-04-26,14.878637770333928,2.4051312960661093,20.709131375458693,-8.901050860340291
2000-04-27,12.417943487524425,3.8547590614619702,22.135699352692505,-8.258903327871858
2000-04-28,12.443617325511363,3.1222228885978343,21.787848084664546,-8.524628792688414
2000-04-29,13.155526115810344,3.115520772148762,21.508044936996214,-10.351796356679717
2000-04-30,13.355134313776642,2.8816326443626648,21.15311168111661,-9.345304745870218
2000-05-01,13.340954105487466,2.755550303603216,21.58621087258268,-7.932276463117765
2000-05-02,11.936752441177187,4.179764704467532,21.337379387482684,-8.890866472244383
2000-05-03,11.744468738277774,4.03337126240797,20.955349518463905,-11.784365069218573
2000-05-04,12.672942410025389,4.205573731565213,21.295197107761417,-12.232873678819416
2000-05-05,11.041408504852699,4.148654073029627,21.415063261740595,-11.00245826752181
2000-05-06,11.027143312917893,6.286759506696505,22.476520626555157,-11.644856581668165
2000-05-07,10.888381726841667,6.2844222056645185,21.5142228294711,-10.515334463455346
2000-05-08,10.854935508870156,7.563335306587556,20.455201781822645,-11.289650866164456
2000-05-09,10.790993362459009,8.904080729194394,21.09183327332571,-9.945817584738611
2000-05-10,11.128604920649034,7.234428776150744,21.395479253848702,-9.804753533456566
2000-05-11,11.065720314453333,5.614935849421165,21.930974617528427,-9.924529620027279
2000-05-12,10.917642372298486,3.5289074937827003,23.225703153961334,-8.73421185330563
2000-05-13,11.350859984072079,3.331859432118209,23.289916079445703,-11.112627319284824
2000-05-14,12.265137309703777,3.4634890202511053,22.202024286504475,-11.779187432061658
2000-05-15,11.809990783338979,4.733405742209497,24.08740466125867,-10.354079217511332
2000-05-16,11.68990804328243,3.968894089796924,23.801210130619854,-10.033243717672278
2000-05-17,10.675198167846371,2.8108200055684867,24.881168552700306,-9.317595896716208
2000-05-18,11.080063075090195,4.205524409576361,23.74930748828317,-8.84690567959557
2000-05-19,11.351644739322085,4.937615530580513,24.16899910557576,-9.250184917490987
2000-05-20,12.086390352322345,3.761713206664332,25.259722376441292,-7.580363791850669
2000-05-21,11.390824607310554,6.842969273813931,24.402528246923602,-6.347727281919807
2000-05-22,12.4472246904874,7.232913352222001,23.67290265313645,-4.872484115204248
2000-05-23,12.40102638682902,6.552163996429016,23.995184752174016,-3.8672227884226515
2000-05-24,12.91664274980249,6.435453506532518,26.047250779872446,-3.6300652621326015
2000-05-25,13.157092887529716,5.953933272647091,25.99405587723629,-2.294522593373893
2000-05-26,12.322009582587969,4.997880621890962,27.54267073401421,-2.0179168622004813
2000-05-27,10.488781011283706,5.034039011620684,26.924912199494806,-2.2847429955365524
2000-05-28,10.501807261432313,5.22728432917473,26.423400198650885,-1.5080435792012161
2000-05-29,11.163929151891159,5.9020037107635925,25.459123035749453,-2.495061457433886
2000-05-30,10.495945484906272,6.485799974412805,23.896275664116946,-0.9576186049852453
2000-05-31,10.876886519972894,7.70230539578583,23.88132968672586,-0.5150935591363419
2000-06-01,10.674792722265915,7.732223848207179,23.09962180774002,-0.8318669852981015
2000-06-02,11.012079829262156,7.381456457686251,23.33075737431551,0.25340154026757866
2000-06-03,10.56838426914073,5.598409637283501,23.985759882367617,-0.5284262545019461
2000-06-04,11.606006743222897,5.536582714762299,23.857242152562364,0.2600310384231528
2000-06-05,12.430068229091985,5.4325191080094575,23.981197704319072,-0.23036210122350537
2000-06-06,13.81712659433936,4.317797303305776,24.540843404799062,-0.2723513851861223
2000-06-07,12.94048761702069,3.4279855226478446,27.441252821882596,0.167415500035694
2000-06-08,13.274011221171413,3.2319791965690547,28.41413279318026,0.042729957925779244
2000-06-09,13.336161079141421,1.3618218936134814,28.596749125102896,-0.9132267722310687
2000-06-10,13.25251451705846,1.412462224540792,26.43022755746834,-2.3547191131342213
2000-06-11,13.708610925320247,0.033803037794201796,25.85141599027126,-2.5827727874531297
2000-06-12,13.425805495543976,0.32779140507401217,24.70133977963616,-2.1273720536170795
2000-06-13,13.599582758414108,1.0898578575348319,23.5804976294916,-2.858404533246696
2000-06-14,14.02545902253343,0.8966298997392571,24.03126828521238,-3.6711283340157466
2000-06-15,13.941256683561155,1.1918875660715251,23.182363307440106,-4.204212751614942
2000-06-16,14.638948544550571,2.093449154920308,23.46007163489629,-3.2375308674905057
2000-06-17,13.185120017866597,0.289784173623032,24.45472376139081,-3.295619741710876
2000-06-18,13.572688161916401,-1.6255021419903128,23.293840656026713,-6.07612836371305
2000-06-19,12.358433706694324,-0.07561825767839303,22.843123465420387,-7.059823049503237
2000-06-20,9.90794552699982,-2.0877287010498913,21.80617764166565,-5.518724163123472
2000-06-21,8.128370633635571,-0.7315739661347793,22.740752026074336,-5.085657687363478
2000-06-22,6.966860839057059,-1.2717538481631592,22.98543797005504,-5.915085502607329
2000-06-23,8.549874148146028,-1.8631895244407592,23.753716482418458,-3.7184277786264195
2000-06-24,8.389375945295784,-1.2780464084757885,25.66905874775371,-4.460375899856766
2000-06-25,7.6262018268430065,-0.9838526205316234,23.678742311226934,-4.435850436130888
2000-06-26,8.837345295584713,-1.7229640863385467,22.665147960691097,-6.610506133450658
2000-06-27,8.788729733152113,-1.0359188794305294,25.186516399573122,-6.7353632607784055
2000-06-28,7.783054667930497,-1.573962642607388,25.826815309877517,-8.013100429659437
2000-06-29,6.4012774710876155,-2.503811655322171,26.607589510278842,-7.789656524025649
2000-06-30,8.849698676902742,-2.8262287232160013,27.035294930126987,-5.977962802836382
2000-07-01,10.210495256100293,-3.6033782333951905,28.214894362889552,-5.047134909528925
2000-07-02,11.96308153401722,-3.540826302236089,28.504082989419583,-6.280673219723933
2000-07-03,12.566612728689243,-4.670055707899401,28.95303866619779,-7.077620594182492
2000-07-04,13.078756442343586,-4.118256050516022,27.96808296388835,-6.626540999936708
2000-07-05,15.24543839883449,-3.9776065388721396,27.223140183949393,-6.8975403889198335
2000-07-06,16.69266768698381,-3.7554698656877945,26.97468471474213,-5.054154365304789
2000-07-07,16.464401138642785,-3.114840046388744,26.747177051635237,-3.931412172214563
2000-07-08,14.91215391493445,-3.823780260919179,26.111591326716503,-2.871348377591996
2000-07-09,15.462015066000802,-3.996651617270752,25.64281375476305,-2.143079812182099
2000-07-10,14.859386231326054,-4.375861860429413,25.497802298428983,-0.818838649832148
2000-07-11,15.4333521848757,-4.545102897405755,26.240342770019822,1.157514932760155
2000-07-12,15.797896470884524,-4.479206456996449,26.134769312090928,1.0240124981927177
2000-07-13,13.946411572498032,-4.020964112879289,25.473915452731447,1.269576580348104
2000-07-14,14.818566072725224,-4.006641406713308,26.016286697465635,0.11699729251706681
2000-07-15,15.207137566180538,-3.7309177573839634,26.887428589242962,1.1312553938568966
2000-07-16,16.40573176760504,-3.0481217469878015,26.80105512821984,2.3049649245101813
2000-07-17,15.439445955007324,-3.183170966071428,25.149043762392303,1.6584562991537177
2000-07-18,14.694516914892233,-3.7390976731861816,24.75445350058203,2.747760229524574
2000-07-19,14.639954043624218,-4.828231826300832,24.619419619911426,2.9530671928177075
2000-07-20,14.517255289345998,-2.8240601182868894,25.68324353998185,3.5727479212340905
2000-07-21,15.029071124378827,-1.037593546706814,27.304980823546327,5.529801550913582
2000-07-22,15.126752276642948,-1.624777471304129,26.527896785814256,5.80293605196599
2000-07-23,13.677452052552267,-1.1022506274187185,25.956125099396004,4.868893852889967
2000-07-24,12.984327747882997,-1.9949319878087093,24.678669053147757,3.9591099540760517
2000-07-25,15.097918936385026,-0.2935257235044053,23.565225117745598,4.728550588339514
2000-07-26,14.366836457119994,-0.3006737875204419,22.843236035562402,5.812652202841019
2000-07-27,15.785635882241326,0.5922877432096145,22.12537961462382,6.560168796796479
2000-07-28,14.930784241929533,2.4947787052617727,21.37566478680323,8.116725139570297
2000-07-29,13.380157092902033,4.323485201522743,21.776587244004777,7.693481953105937
2000-07-30,12.998058781803563,3.1321513468341315,21.103132150991254,7.12872524788383
2000-07-31,12.527994766093192,2.6163688692322484,21.967230810987775,5.624381482414341
2000-08-01,13.064072828031524,2.843992027184696,22.142557638516113,7.289234027518133
2000-08-02,14.342857736708815,3.2134998749462724,21.546973656707735,7.33487681459274
2000-08-03,15.768130121297942,3.3093403177295357,22.88130549242823,6.495067282883141
2000-08-04,17.11902255798861,5.483716334541737,22.718156388860262,5.811209475157318
2000-08-05,16.03169174874113,5.71137169804804,23.3579520952972,5.274106153627079
2000-08-06,15.875073592725013,5.6111821078833,24.59608758960454,6.5760321375147015
2000-08-07,15.835917783190478,3.665061373613862,23.657704466445253,6.015025705949901
2000-08-08,15.239866728739274,4.914176753154196,24.400399196639214,4.953165693651595
2000-08-09,16.01862580048644,4.201948527716949,25.24324099397423,5.8562407503019624
2000-08-10,15.49785644011368,4.576447650520373,25.113193106218414,5.743218307124226
2000-08-11,15.012687340862145,5.701524494009211,25.81177542847491,5.16570104109039
2000-08-12,14.634404244811588,5.959960782872106,25.919800440277193,5.504867073900716
2000-08-13,14.216706567085337,5.431334694289384,26.246165079380955,5.904224219691717
2000-08-14,13.895387396038046,6.6143834370729575,26.579182797840353,7.05642798754868
2000-08-15,14.50939062199616,5.374941406544472,24.418510459551907,6.53337861333134
2000-08-16,12.870857123952796,3.334916416989303,23.145143615027834,9.135470169697964
2000-08-17,14.859190369333108,2.6539724536712193,23.193011457064998,9.578509141543558
2000-08-18,15.946604794254538,1.5868502441641947,22.557513678511793,9.651306974377617
2000-08-19,14.772089693083828,1.884634250631402,22.574799693480504,11.669669685169472
2000-08-20,13.865097732194437,1.3442957805392806,22.913136775728155,10.118791436876853
2000-08-21,13.063314504280667,2.2468997151868937,24.5318536393403,7.900463396258455
2000-08-22,12.79607598051102,3.5472034678422117,24.367146088227937,6.269563768440524
2000-08-23,12.43737419399431,3.905446500948856,24.29807620159973,4.745049914591499
2000-08-24,11.677626112232891,4.577996645469453,23.436079762118563,2.747724322590523
2000-08-25,11.238257267155387,4.445720896018696,24.040995160055104,3.2568828799818217
2000-08-26,10.504532377867838,3.3490322048924255,25.21422975232231,2.268970562725826
2000-08-27,10.62753263200917,3.8168170986261867,25.876153448250278,2.957174366935472
2000-08-28,11.682955226509966,5.12494346984032,26.637177546309076,2.4106385873373544
2000-08-29,11.221477024329708,4.637068836814085,28.819826617998135,1.9242834627036431
2000-08-30,12.42557329767551,5.287633981840629,28.32292915563137,3.4063372933523053
2000-08-31,13.63655903617031,6.593431311415258,27.69585889507616,3.5977519804710028
2000-09-01,14.696890451606452,6.57165190262024,28.684896235580123,4.215468777832612
2000-09-02,14.588963970896623,5.1363911932722495,29.250367298974904,3.894108198049867
2000-09-03,16.020441489885535,6.873151102361071,29.806028721590263,4.534041563228478
2000-09-04,15.301505768687017,6.824320701346303,28.783180853935697,4.600493698043091
2000-09-05,13.515769800689684,7.120203378174797,28.66959051187941,3.837966544402886
2000-09-06,14.494251477126506,7.974725357807869,27.84112453079447,1.2866630584114893
2000-09-07,15.664199321080083,7.472131890888948,27.959498008625687,0.5506841137329656
2000-09-08,16.477307365168823,5.898671241201095,26.91877958243888,1.4415361059250626
2000-09-09,16.315447923421857,6.368231882680782,25.430524629217565,0.7881045556438742
2000-09-10,16.73835223937835,5.9665085703089105,25.943617711638193,0.8257150545959471
2000-09-11,16.952129521422677,4.670515057607786,25.664472117081296,1.5833249192912664
2000-09-12,17.239574207912952,5.256544228836637,23.695945855019524,2.067512763833313
2000-09-13,16.005656196844704,5.496902597411306,23.802855611819478,3.3589605943085883
2000-09-14,15.872123605730492,5.4839499965934815,25.210411072747107,3.0945251870714423
2000-09-15,16.485182067837258,5.454085026404518,27.9159909786745,4.797814950555361
2000-09-16,15.655613444184867,4.10744165948255,27.618670426344938,3.355586914961233
2000-09-17,15.631687906795042,3.7671217305865565,27.514651930280895,1.3638706348275684
2000-09-18,15.718587519137293,3.3416032402526326,27.108840434633915,1.3522504536125972
2000-09-19,16.005863744073586,5.156029979068278,26.621202350761678,1.9686586328887175
2000-09-20,15.649750722664702,4.074821879284008,24.363293815217126,1.6778201470392418
2000-09-21,14.401026009602969,4.201093923591204,23.0979004200693,3.0150700424931256
2000-09-22,14.818961212977806,3.1597743027147245,22.949043038003076,4.183351544222736
2000-09-23,17.539672819852825,2.817353904806999,24.200334724762474,4.032753023655235
2000-09-24,17.460257569704954,1.4890918118688925,25.893951181139812,4.583787608469599
2000-09-25,17.680859090325264,3.1730087674194767,26.59562074088959,5.317763941270616
2000-09-26,18.583777090073117,2.210735559211553,29.040207020820397,5.765815108461456
2000-09-27,16.858915184351147,1.4755877795458687,29.991889516869907,6.97490320564277
2000-09-28,16.30665710356129,0.7529860217669402,30.040498238650315,5.659700030543951
2000-09-29,17.367838915122555,-1.4860553834767964,30.333021436662438,4.337924347005432
2000-09-30,19.75366667600577,-0.4695126717695006,29.328027264078184,3.855763788180127
2000-10-01,20.123724181898282,0.7568537029734947,28.46677116005227,3.9024473483440114
2000-10-02,20.993174105498092,0.7134850296435189,27.29196397801194,3.3353675591512117
2000-10-03,20.528341436780728,0.6004824106430093,29.186710215900657,3.7914510765341087
2000-10-04,20.544664594846942,1.5842446234381353,28.502761400752128,3.7612685686061185
2000-10-05,20.463649100769818,2.8153493721355813,28.614967746474267,3.8701215553324393
2000-10-06,20.055088226184008,4.4436686415399755,30.438101184918594,3.786083598735187
2000-10-07,19.24784451795485,3.4622291200432262,29.693143081482717,4.019482195705431
2000-10-08,18.716912894983018,4.0121178392195,28.9546553468373,4.49929843658514
2000-10-09,17.783503819828717,3.599279064756476,28.513274157075347,2.9557113959597903
2000-10-10,18.140675868594368,4.431522872360354,30.75265356599213,4.043441376565318
2000-10-11,15.553493336202314,3.2373193399867084,30.121278345249536,4.853558055857791
2000-10-12,15.420348165210498,2.4926163465909648,30.18719942699349,5.365417615664049
2000-10-13,17.75550905048142,5.009116301037973,30.692127099621427,4.513273653298217
2000-10-14,16.496908347085128,5.159462970345194,31.501406917210264,4.404736612860868
2000-10-15,16.19483566089099,4.552465123997893,31.703028195697602,2.939363274932525
2000-10-16,15.863285744544838,5.069763326099817,29.81865071520209,1.7617441520708381
2000-10-17,15.876040112015213,5.582643562788905,33.673541061801565,2.7525140797227525
2000-10-18,15.337077798289405,4.578091473637524,34.453398517190536,0.8014840212490655
2000-10-19,14.802946493785408,4.077636765526075,33.77251384417003,0.8499493294024104
2000-10-20,14.024861367592015,5.107288669272569,32.92593000264681,2.1239231123446705
2000-10-21,15.228421070103575,5.262451642378594,34.05855618529395,1.6688562784161318
2000-10-22,13.780767267370592,4.833184239528896,34.991905496254,0.775178975255724
2000-10-23,13.680198519134956,6.728487965360455,36.035033066301324,0.9351317695548036
2000-10-24,12.348116589050422,8.973789305524257,34.83818861482453,-0.36925247546961026
2000-10-25,13.983683284780252,9.009538657956002,33.52708515587871,-0.3564280346374609
2000-10-26,13.091456586665968,9.97086718242599,34.486213370152974,-1.172028890669866
2000-10-27,14.163586123755287,8.595730387998255,33.638644693752745,-0.5451351829909361
2000-10-28,13.379343588649665,9.813569589269568,33.6291604305799,-1.266812128721758
2000-10-29,12.318978090734342,8.742266791261606,33.12844811507789,-2.6662254959174767
2000-10-30,13.557904453483134,8.60776599857024,32.98365238340702,-2.4373876137701056
2000-10-31,12.891219329032477,8.141135797588866,32.46294912327336,-1.5321959981492215
2000-11-01,13.715500915120705,8.549169116734333,32.17760305912529,-1.1308153254211681
2000-11-02,13.743665433489358,7.742819675250498,31.465376727612558,-0.24847154974324193
2000-11-03,12.331722813412277,8.26883827671252,31.80861476464009,-0.2631321645912124
2000-11-04,10.963369178745632,8.597332361786773,32.0665207707213,1.2462229189032326
2000-11-05,8.936013839716924,7.93953615899208,32.48253601757326,0.5671607715544502
2000-11-06,8.771941190511638,7.403995987511601,32.42126356100462,-0.2806838913848795
2000-11-07,7.023672150977699,6.891806160598428,30.668254737741666,-1.5803549485269688
2000-11-08,5.642576360056481,5.949174643686667,30.785876968139455,-0.9509965164081913
2000-11-09,5.228744259918134,7.18079361301407,32.42658584549605,-2.01535719512387
2000-11-10,4.418462216462057,5.097774740196032,31.311311285452636,0.03253865575375192
2000-11-11,4.374005836762875,5.370330538046589,31.794519771693814,-0.034800001768201916
2000-11-12,4.101381700447206,5.475453413139718,31.77408287332711,1.3516258675122839
2000-11-13,4.557881150896692,4.014173650222609,33.65308440223639,1.5108383779289336
2000-11-14,4.150438703706742,3.0266941800047653,33.70309512817671,1.2169505375161016
2000-11-15,5.05394514416923,3.008119864869071,34.09412258932405,-0.3698135405670162
2000-11-16,6.143829445518063,2.79100574556965,35.28606084114609,0.9028129105491474
2000-11-17,5.450122854640602,2.1696257869735573,34.14735049679318,-0.27281400086634
2000-11-18,3.243796554077179,2.276732362834801,33.94081492899995,-1.2803009977178055
2000-11-19,5.378040841197391,3.417454289864067,33.15858292407434,-0.47333280491802465
2000-11-20,5.761024458650712,3.508293750069981,32.80581766344604,-0.506005815965217
2000-11-21,6.854470211872822,2.5564317465666018,33.39667997590924,-1.2921061668916503
2000-11-22,7.312643904874253,3.318249385795295,34.93068374923054,-0.7230834065170118
2000-11-23,7.2147891000305115,2.9146461945103885,34.69456447898887,0.8304835184679786
2000-11-24,7.972329547574649,3.760171239872646,35.93025585937704,-0.2873163814727835
2000-11-25,7.479937153365994,2.9257179943699954,35.672208118394074,-0.26800836168721137
2000-11-26,6.33413868507208,3.768886850936589,35.72669911544473,-1.4448378387514402
2000-11-27,6.68322839025508,3.232505696508311,37.270372436499926,-1.3545488354028328
2000-11-28,5.410613276796577,1.7750361717535363,36.73532936387076,-0.2861790382914515
2000-11-29,6.910822280104389,2.0093714594617915,36.0319359921308,-0.4974296740571942
2000-11-30,6.623953131679251,1.5828671335867015,37.705514071302275,-0.8393010671767321
2000-12-01,5.924727381450981,0.6978027202107981,38.784264757165275,-1.110794357578234
2000-12-02,6.641367729880975,1.869807067859064,39.03736361776314,-1.0437154848732026
2000-12-03,8.433330063147416,0.19963959084351757,39.44984414010558,-1.882609770148144
2000-12-04,8.412352907344653,0.3807836110746118,39.37869454369676,-0.09679690639148242
2000-12-05,7.532337784508711,2.1742782836759837,38.9998240987721,-0.7942042320526642
2000-12-06,8.327975595467473,3.4866700302843796,40.50532912911679,-1.3576793848591808
2000-12-07,7.492867282372648,3.492390135037706,41.44544841863763,-0.015402820972413744
2000-12-08,7.346346216065648,4.132404127097148,39.88724457995565,-0.5646630099008637
2000-12-09,7.583352258125786,4.352166092790324,40.48320443848853,-2.7896996757984436
2000-12-10,7.3731967920255315,3.0764085565115944,42.047659326121874,-2.5447664174563456
2000-12-11,5.76311156133878,4.082724252890286,40.793813385882046,-3.6101518499501877
2000-12-12,7.393819616623739,3.8573507990610247,40.63807319087825,-3.9707310485199194
2000-12-13,5.8245645532985275,2.800545640876603,41.26405546768393,-4.223929549926806
2000-12-14,5.094585774675559,1.6979626801048273,41.866897145374246,-2.7762385571419923
2000-12-15,4.63515072640781,1.6348748216702658,43.395960390182346,-4.680278846588059
2000-12-16,4.740604031560258,1.5037276075989894,42.392923396449916,-4.128958500658279
2000-12-17,4.253529380753872,1.859548915063507,43.91865019327014,-4.12703990667867
2000-12-18,5.086652528365886,2.6963481611429625,43.977678460556874,-4.240489939340877
2000-12-19,4.889333621825633,3.640559980287433,44.08354899360614,-3.1916190769894834
2000-12-20,4.246389261139168,2.43038487615132,45.38153751659365,-3.3998183223665492
2000-12-21,3.834193682426881,1.3140559414054822,46.16789508771608,-3.6562043601648777
2000-12-22,2.7890820594942793,3.142114984465497,46.40135693785643,-3.5240808269055055
2000-12-23,2.6947901386233353,4.654605877626273,47.726390500345,-3.24173751278085
2000-12-24,3.4753686178554055,5.749385531895099,46.93200941152689,-3.864606858540106
2000-12-25,4.094078030555388,5.696645144901899,46.721629061979996,-4.589421614266392
2000-12-26,4.657783355564462,7.115770159111028,45.56684383574326,-4.467917606249355
2000-12-27,4.19936725204945,7.359178209005255,46.01555811236864,-4.155353082894945
2000-12-28,4.319989772229545,8.19087525052169,46.124558974428446,-5.83454355476575
2000-12-29,5.163720069506713,9.381597439238508,45.36241786732591,-4.534419740685269
2000-12-30,7.062058739916942,7.957890251663121,46.92850159464477,-4.426330251465795
2000-12-31,7.242492209826651,7.436075599452285,46.726188294411216,-5.3538520312594144
2001-01-01,7.514485486306864,7.212947665345903,46.48635162182393,-6.180924632830033
2001-01-02,6.713735904801521,6.704879448177012,46.71664743640856,-5.39047704135233
2001-01-03,5.151469349901834,6.5927053043993356,45.89448338302972,-6.118615797912532
2001-01-04,6.521615227040662,6.4994297633493385,46.32426874169102,-5.8276573335227
2001-01-05,6.99362422095889,8.04031519307464,46.272888669559045,-6.003345107528331
2001-01-06,7.612259018282768,8.872201063327658,45.833412795461214,-4.8930673706568495
2001-01-07,6.696572357268888,8.5803610198923,46.99103297815616,-4.352079648068504
2001-01-08,7.876838212101476,8.40309708196606,46.98747627393458,-4.3541139755869835
2001-01-09,7.2855506937372745,7.000668303370115,46.18861939718062,-3.8635473480793068
2001-01-10,8.734040405169422,8.805968318901575,47.070715838515866,-4.334922740952273
2001-01-11,9.797064498571917,6.390616604866694,47.67352185900854,-4.097352449895383
2001-01-12,9.352285008637267,7.70687180007728,46.886985186768705,-4.881295656064437
2001-01-13,7.463779363522637,7.7104113404314765,46.277734418244826,-4.376721179967155
2001-01-14,8.22942325411441,7.100587369170013,46.52689952782146,-4.190021230326979
2001-01-15,7.804979942419898,6.311225500254682,46.78478689590069,-3.70349717423393
2001-01-16,5.344060230008548,6.966439686027473,48.585370772716686,-3.3008631985778583
2001-01-17,6.066128146323432,5.434166378939186,48.290272252833965,-1.8010520989267116
2001-01-18,6.072075453464932,5.417587376895167,48.424874283511215,-1.857235647840418
2001-01-19,4.853849858602679,4.226170456719075,49.571407509460656,-2.4457499577735837
2001-01-20,5.843031213740163,5.253513729286636,48.703483785806625,-1.6999234386276272
2001-01-21,5.622567336982596,5.301020117157377,49.02781125441524,-2.125004604805834
2001-01-22,5.2409002382312755,4.752657011439093,49.015132257259204,-1.4410853730461328
2001-01-23,4.382789759551536,7.212812689970311,50.82097416206587,-1.0719456937637482
2001-01-24,3.39946221912341,7.696633156297853,50.77036211517023,-0.7166222147653543
2001-01-25,3.6507238913467024,7.101439746094558,50.75950003801552,-1.237186968704361
2001-01-26,6.729715777714324,7.967734946721844,51.439718358409486,0.1558031902373478
2001-01-27,6.859069781941502,7.975523865908414,51.63389414272631,-0.603370198334162
2001-01-28,5.350104089277749,7.315471087635624,50.79746573138203,-0.2582481795095167
2001-01-29,4.944209388423423,6.414842762257173,49.81956408749621,-0.2978086524228673
2001-01-30,6.284436054885965,5.7884006313610215,48.35448944490138,0.0633391036418835
2001-01-31,5.563872176919511,6.9190181585087975,50.16687031799241,0.3115735276152939
2001-02-01,3.5521855228808508,6.452923210388284,51.48596792121784,0.843035836799379
2001-02-02,4.6851887453036225,8.2221848813058,50.431878345154566,-1.3922345193152128
2001-02-03,4.546900735538702,7.4702166906445955,50.49106809605076,-0.7524115448315548
2001-02-04,4.0921030111917345,8.909896345794932,51.835329576827206,-3.41287820399726
2001-02-05,3.588376543429453,8.059574764568671,50.91307296343649,-4.039125836138925
2001-02-06,4.375555867105845,8.325138526215135,51.152045014278784,-3.333374963284383
2001-02-07,2.823301033016725,8.52563954927179,51.7529404123425,-3.9657745473589436
2001-02-08,3.3152708361426355,9.254669383237292,52.161541672635416,-3.1747889490334287
2001-02-09,2.9603133361409935,10.451349565866714,50.05548590616296,-3.5087775368795557
2001-02-10,1.9483926012842976,9.673293744897963,48.73972895912045,-3.0300744137348126
2001-02-11,1.4202464413569125,10.683063899481025,51.18814243791275,-2.443581591303492
2001-02-12,2.5011363804416273,10.511875862391841,50.81960766693615,-5.384364394916711
2001-02-13,3.303735341280059,11.126499223389276,48.733469113106715,-7.041387476787079
2001-02-14,3.3098875912963317,10.897955306327436,47.73063593755951,-4.747516416076415
2001-02-15,3.9518377515236303,10.460501098352717,45.98979470702517,-5.716056009359472
2001-02-16,3.8895286694267157,10.911518412142604,45.96877272079402,-3.495070493067308
2001-02-17,3.6092913726741003,12.375034693834408,46.745989574499795,-3.2983336457355006
2001-02-18,4.696220833538876,13.085003555542489,46.98713103610546,-3.349845548938745
2001-02-19,3.746835054829304,14.123179247873793,47.07077228330223,-3.2232173328358753
2001-02-20,3.768326032460442,14.9120136910472,47.68072302066986,-3.386117033042515
2001-02-21,3.8958038984744574,14.596328723228732,47.15707982310213,-5.07472038923212
2001-02-22,4.327333293673292,15.033913520146111,46.97353516376252,-4.92538027900571
2001-02-23,2.982146944066364,16.210300385984876,47.70389199651101,-4.597867482612477
2001-02-24,4.403693202134289,16.734188947845333,48.205841457655374,-4.716581050692683
2001-02-25,6.387951277485875,14.98546923180137,47.974766747868166,-4.884526806334271
2001-02-26,4.696739901978752,14.19806235972745,47.09759915935539,-5.1811788519151465
2001-02-27,3.4137082479528638,15.301310175796246,46.684163468640065,-3.7377782542012294
2001-02-28,2.907662055923583,15.96063197561803,47.59751010014627,-3.8838946065343434
2001-03-01,2.181688430001901,15.799444330444437,48.207119811489804,-4.917940007460238
2001-03-02,3.21979388610991,15.407902089612035,49.00632394465753,-5.057799320267868
2001-03-03,4.526737357835265,12.881025319347136,47.86346086736408,-4.900863462105239
2001-03-04,4.5516287262937425,12.720365697872515,47.33377826089225,-4.324781332663656
2001-03-05,4.625457981120906,12.049752304274888,48.01277162454858,-5.031782243477231
2001-03-06,3.7241650255233854,11.98928460096232,47.19152423238863,-5.127531201236106
2001-03-07,4.691551324382237,13.883482014758108,46.573349559472334,-7.759495921694363
2001-03-08,5.336620731122495,16.816296796562895,46.357056161256494,-7.323182168462175
2001-03-09,3.9179887103443365,16.89146040474136,45.26991681554919,-5.735195938200787
2001-03-10,2.3054658653454574,18.62048536201002,43.354797665718365,-6.709272670859869
2001-03-11,2.542050262619347,17.930271523506676,42.84123527113578,-5.430634321265691
2001-03-12,2.7711979013797428,18.257889331685885,42.07308081803815,-5.826487052537115
2001-03-13,0.8444956918962734,18.8307080287287,41.78725114064534,-5.573603872942828
2001-03-14,0.9075533436431767,21.70528448109819,41.74242957527358,-5.911434164127366
2001-03-15,1.1061957896436405,21.81390822779725,40.92380852904716,-5.768033756843113
2001-03-16,1.2434051308439331,21.9685444327041,41.1715931162173,-4.630157441760317
2001-03-17,0.7748928757559914,21.5255272938461,39.75060032171648,-3.926461606810704
2001-03-18,1.2091845847523006,21.69021252671477,39.78765507737323,-3.117894888544061
2001-03-19,3.0704669874289703,22.071389935555533,40.0313298968949,-4.667210007855801
2001-03-20,4.298176649258222,21.290974543614865,40.939781479540585,-3.349318932087186
2001-03-21,5.357417184824389,22.46218102190304,40.43934571590877,-2.763313189919324
2001-03-22,5.684300005486591,23.628820987652343,41.49721521471941,-4.934909802965393
2001-03-23,4.6228271631948825,23.908625068908304,40.38583379213889,-5.435506485695798
2001-03-24,4.426119105679193,25.893474107728874,40.791767164402856,-4.617255984212647
2001-03-25,3.916465313578752,27.18540564242333,41.68515962536431,-3.8829967873854554
2001-03-26,3.399516951424538,29.111198241274963,40.41513140222839,-3.466306093586731
2001-03-27,3.1747016517324593,28.845330343569643,41.911767525746924,-1.5730506503821082
2001-03-28,3.0383243700693483,29.87573231402253,41.11629910497227,-1.551693514992875
2001-03-29,6.081554413711786,31.414839324053407,41.566678342176914,-2.2825093481980256
2001-03-30,7.581519501349856,31.154950389499355,40.30422465853395,-1.9641578262406825
2001-03-31,7.07576698016124,30.4527679282199,40.49679412356539,-3.1286880377674917
2001-04-01,6.702876075267926,28.40095870292566,40.081523064854935,-2.4844412536944622
2001-04-02,7.231328152362995,27.409971674931466,37.802649214059905,-4.465608550045885
2001-04-03,6.942536935854108,29.74244915044667,37.11057312850635,-5.854402901321297
2001-04-04,7.319512120674704,28.313174077895926,37.017115616197245,-4.945311135389627
2001-04-05,7.169267161438127,28.037705060399773,34.9794647760135,-3.581982172410174
2001-04-06,7.466948760677538,25.780627512561722,35.39388058132915,-4.6233892517739585
2001-04-07,8.822401205300126,24.465805225331533,34.43339806724407,-3.245828567535468
2001-04-08,7.843412421712973,24.56085507991563,33.89986123272815,-2.496196605672823
2001-04-09,8.052709953058274,26.579252354612763,34.57599565031684,-1.5897750020546515
2001-04-10,9.205480136481366,26.91479212362959,34.16919727440529,-2.3231936563883715
2001-04-11,10.57435916569188,27.069265957316986,35.58315442241602,-1.4460635474108359
2001-04-12,10.315188372634639,27.53235107060941,36.4289927907036,-2.5657030633436912
2001-04-13,9.559512270801806,28.534445148592855,36.3833534350333,-3.087186196275948
2001-04-14,10.693895139655996,28.68412228974944,36.32419705323159,-2.0343334181185146
2001-04-15,11.193078357823325,28.692392071211277,34.939388561805046,-2.8634456381316786
2001-04-16,10.304949413391432,28.011506902690712,33.427396188603254,-3.9722842166992507
2001-04-17,9.407553282767543,27.72106616020246,32.368596435230735,-4.624246678913415
2001-04-18,8.200945955608692,27.123634740514188,32.002253440010264,-4.606093389913882
2001-04-19,9.31869427820021,30.82613082703697,32.112810918288865,-4.938166313286306
2001-04-20,8.84806817683882,31.728208260474997,30.746151005031845,-4.293175880653397
2001-04-21,7.461729186064435,32.835288639284435,30.385700546790183,-4.307633940266579
2001-04-22,6.866332177654132,34.39748330363299,28.117690803095414,-4.9994256752776645
2001-04-23,7.352240145899546,33.3455216168482,28.98927712740573,-5.447281045943993
2001-04-24,8.664452392986306,33.858661285025846,30.70559824299536,-4.784113535508864
2001-04-25,8.338436528085728,34.390178022615146,29.008142408268547,-4.600112538536479
2001-04-26,7.561659422191454,34.2008324028498,30.912115221090673,-5.3680103971264295
2001-04-27,9.285386451122033,34.65645824049325,29.91960710600118,-5.401079093571492
2001-04-28,9.390938263168492,35.40896154948722,29.860226826272754,-4.6814810304636065
2001-04-29,9.35734120415677,35.57508407590163,31.304537015013043,-3.450980557588019
2001-04-30,9.56831778857381,34.04235986301219,32.88352036287716,-2.619520984163352
2001-05-01,8.429749426811778,34.32029753049708,32.69162624987097,-1.728634309854047
2001-05-02,8.382327513878419,34.42086282252046,32.5334410036365,-0.9832916414128292
2001-05-03,6.130993164508076,36.07268743520448,30.971736649070433,-0.4286606236795649
2001-05-04,6.7175618125875785,37.97534958498458,30.35411655827521,1.285560738646044
2001-05-05,8.262306468930777,38.66079318975614,29.22505089182407,0.06874426970008085
2001-05-06,9.170790022491788,38.720190354816765,28.082977833734763,-0.5227702399510991
2001-05-07,10.102993170938559,40.25014416072497,28.285727197547118,-1.688145796287995
2001-05-08,9.864566548880198,40.109901479448666,28.431860056139165,-1.8286772220625023
2001-05-09,7.9674439058863,40.236172070968756,29.925404306735643,-1.72472153931905
2001-05-10,6.742209986560107,39.94266735592562,31.338663366927353,-0.6304928904310378
2001-05-11,5.717797141747184,39.6470315915962,32.96601531604181,-0.5658517694404761
2001-05-12,6.458180509157611,40.64367661075017,35.54691018488141,-0.15319830687099062
2001-05-13,6.242975430171775,41.05823632591116,35.96123368812327,0.6842281520875357
2001-05-14,5.876360604813879,42.19865676612801,36.99181901968148,1.159108489189562
2001-05-15,7.1955660173965885,42.84049030262261,36.87944652008312,0.511200080965611
2001-05-16,6.674415111955637,41.87203859305362,36.68310734912092,1.4237278783409208
2001-05-17,6.7598559315806055,40.64618168534677,36.059696444851134,0.6946865222275037
2001-05-18,5.543182878697458,40.002891004354254,34.18824674080896,-0.5758880642457421
2001-05-19,7.107082782235602,40.468661234535105,34.38907496944758,-1.030673867473516
2001-05-20,6.119636689805325,41.14063967592337,33.515446863126414,-2.9438236598271486
2001-05-21,5.040088307244837,42.09780363483699,32.520279702873985,-2.974988047141584
2001-05-22,4.934662926319447,41.678273674367965,31.776069793993255,-1.8269491353422607
2001-05-23,5.153612693955018,40.823242131525895,33.133493451834944,-2.7872955837899807
2001-05-24,4.975987244322652,40.54806618339119,32.962982782782,-2.212105785600062
2001-05-25,4.273524532221876,41.352959598910026,32.78532633737511,-2.1777251060106133
2001-05-26,5.366741417038547,41.02520344948953,33.96677798901595,-1.9242516462074577
2001-05-27,6.30034915694152,40.4171926564323,34.01980036012642,-1.1017600380229684
2001-05-28,7.0801011545466075,41.945739681327716,34.233963586920886,-0.2582936948044141
2001-05-29,7.33219229603842,41.506466824991904,34.449469611422856,-1.8116431316548347
2001-05-30,8.11620848223626,40.771969058265285,34.25236434667011,-2.811893970329005
2001-05-31,8.242115604706239,41.41240366639862,32.761481191879994,-4.280488021821809
2001-06-01,7.383422960099947,41.451742254014924,33.046723494687406,-4.3253603455239205
2001-06-02,8.327423143498581,42.48411548156078,34.035295270616565,-4.153979462529251
2001-06-03,6.754878983140531,42.657095520629575,34.69191717328627,-4.463871471691036
2001-06-04,6.583895676172241,40.553524939562806,35.47131565187799,-5.426597922332419
2001-06-05,6.395771112522151,39.25214415174895,36.86306210445461,-5.674130998585276
2001-06-06,5.108723220269684,38.55027736511023,36.47387581041846,-4.487502295622416
2001-06-07,4.862762273114751,38.19127805330398,35.395318258028034,-5.363104972872027
2001-06-08,5.2954140945656505,37.90048508284941,33.401838526417286,-7.6310626580430565
2001-06-09,6.811502220635956,39.49144742378569,34.20399397238173,-6.919632743709789
2001-06-10,4.328803391045202,40.37595507042644,33.90143828141918,-8.705884014948206
2001-06-11,4.595606502511135,42.37149329004383,33.374147979679236,-9.06480064367724
2001-06-12,4.498631164185119,41.01236905397534,32.90359126417398,-8.490133682494706
2001-06-13,5.453985355759194,39.4158130531687,32.5229146054912,-7.134105046800173
2001-06-14,6.488890001627432,38.0406861388537,32.57016180003257,-7.1922708268753635
2001-06-15,6.31570707288673,39.691807897161276,33.439555764286425,-5.969705305115536
2001-06-16,6.383198551862423,38.090493099384446,32.9924574786149,-6.101633437187389
2001-06-17,7.256107001094865,38.299876387594956,32.57477511754295,-5.0386410867982026
2001-06-18,7.078125685019613,37.79487298510518,32.96653263087718,-3.8551474144387816
2001-06-19,6.18498955728238,37.43077614392666,31.099326779721864,-3.51913618214076
2001-06-20,6.048580109617586,37.26273766901712,31.379889896625862,-2.3992207972862367
2001-06-21,7.5171150598318155,35.88537873901344,32.00324820960295,-2.766313016558623
2001-06-22,8.86711793541137,34.772973811179526,31.30981612987004,-3.4181898408743607
2001-06-23,9.3289561358453,36.261494366120864,30.015218870961924,-4.14724943215017
2001-06-24,8.970902548997666,37.4606190412904,31.25180196367563,-5.479259596888592
2001-06-25,9.687276290208688,37.42140273514815,30.838274394435867,-5.437235472182743
2001-06-26,8.49869544383197,36.89048354795703,32.61466853584567,-3.8710214262791283
2001-06-27,9.203973302722709,36.068084769045505,31.0622834844472,-5.973232909741485
2001-06-28,9.131357905471269,35.318543824347024,30.204603708323294,-4.552790705357264
2001-06-29,8.962623231931458,35.87523926394188,28.83497408051493,-4.080191994943354
2001-06-30,8.47593376534152,34.904158366532705,28.109118591636623,-4.940323596240934
2001-07-01,10.13211103215318,36.10617940860286,27.814773986942907,-5.413171457592474
2001-07-02,10.872010698615059,35.70993354584737,26.889855183266828,-6.523173293391698
2001-07-03,13.05000583575777,35.54851375836067,26.448243695044127,-7.212365790835943
2001-07-04,11.43494306703704,37.357129861250804,26.459183561698158,-7.515868275299075
2001-07-05,12.098148675022959,36.89593163673628,26.147708899558722,-6.29058219080531
2001-07-06,12.530960246683327,36.47804848702141,25.107060451142694,-6.914485322623816
2001-07-07,11.351494565706465,36.72861288356237,24.65269817106048,-6.556387177104352
2001-07-08,11.921205283727444,37.788040026262735,25.529356010600182,-8.065737393947936
2001-07-09,10.855603937736882,36.28135363874036,24.4690497762246,-6.662775425661292
2001-07-10,11.168996148754983,36.44095187615676,24.915609574367206,-5.474966812323718
2001-07-11,11.5729913199361,36.393169309781406,24.272635449365044,-4.332277762106603
2001-07-12,11.548989255189458,35.726353061358935,26.86681526355621,-5.134106127352059
2001-07-13,10.31433469581235,35.03353813350722,27.531166700439506,-5.723838441826536
2001-07-14,10.488393958523835,36.84013854516508,28.83100864089756,-4.182937761496934
2001-07-15,10.104248634639989,36.29820466213656,28.51942313809641,-3.4232035204493876
2001-07-16,10.1358267230318,35.833811836036325,28.66929724609532,-2.2630165208860484
2001-07-17,10.87013461486821,34.66560328732658,29.47120763377248,-1.2682643794876358
2001-07-18,9.37931589496971,33.66010217087985,28.779140877021504,0.7533821682054325
2001-07-19,9.53163136334978,34.121963738997344,28.750396750711744,0.9204277015947067
2001-07-20,9.638093169718172,33.414495932251455,28.849334596446646,-0.6461228301651678
2001-07-21,8.900954551809924,34.116109093779095,27.167257080591057,0.1462029540578097
2001-07-22,10.254673455268497,34.92345007446223,27.874759442422782,0.10467231634357928
2001-07-23,11.889200588379003,36.150544768871605,29.7734925085638,0.3840576681882275
2001-07-24,11.587792183962112,36.62247206280239,30.40274261932227,-0.34535062163877406
2001-07-25,11.362818466356178,37.66179350008344,29.537138774320418,1.2011862590834732
2001-07-26,12.1580297693414,37.86020495641675,27.103580495302356,1.1136594726245803
2001-07-27,11.118407123886406,36.18314984914141,29.427318656322445,2.3965439230469303
2001-07-28,12.922895061083025,37.278080777630784,27.845768874840026,3.084607837448018
2001-07-29,11.534837450115262,38.845199623399466,25.983516531733812,3.2028217688898675
2001-07-30,12.905801221213931,38.357695013874725,26.095771671607995,2.5708906549407318
2001-07-31,12.77306987011892,39.036683273304526,26.209722228339047,2.5339065549379045
2001-08-01,10.977122131479799,38.832603257524106,25.65781351585846,1.7232628440296032
2001-08-02,10.726515938615098,39.31823766361994,23.64597099428192,1.9420129117326907
2001-08-03,10.705046222444533,38.9662150467322,23.876900134455852,1.4431194307618371
2001-08-04,11.397272845182835,39.54698617571799,22.152164225510962,-0.5574086737349853
2001-08-05,11.82432411803798,39.023191287137266,21.479274204316226,1.3786905102316125
2001-08-06,11.56307602543244,39.62798307062215,19.800658783781948,3.6702282611252857
2001-08-07,11.553418483026231,39.37233146929505,19.10473484466042,2.2059770915314303
2001-08-08,12.082665437800623,38.77083792374088,18.376586842166155,3.343705893887295
2001-08-09,12.191570589369677,39.14647906613859,17.4084718665686,3.1733609308982533
2001-08-10,9.543803507219964,38.84548597632502,17.20384991127889,2.3980075498294693
2001-08-11,9.137488991335587,38.23552954462839,17.84308285002761,5.213845342100486
2001-08-12,9.401420205510636,36.86612913036438,18.05539754578919,5.3240472402248304
2001-08-13,10.963293375628727,37.46279121395885,18.47564918255412,6.0343013480402785
2001-08-14,11.013006288317618,36.609762493740405,16.71821348742089,5.499727210343179
2001-08-15,10.065701699845278,37.424355406843745,18.340753620078996,6.950486153505592
2001-08-16,10.82144902240354,38.54308244512669,17.607225640558582,6.399502636865968
2001-08-17,10.914198238976528,37.190614186412304,17.37590676253529,6.110517614759106
2001-08-18,10.313085561401817,38.12795479776633,15.423235677453507,3.6960897515369195
2001-08-19,10.826848086533866,37.76170941828624,13.956891511456547,3.8727730222715353
2001-08-20,10.522413275723792,38.02614158832542,14.982502463342906,2.979956167426062
2001-08-21,10.304486697736905,38.196337438848865,12.823491878342962,3.7493560632320824
2001-08-22,10.811036207956175,37.936841163367355,12.441961131871434,5.714410777998841
2001-08-23,9.41876079811512,39.77333168803718,13.107235102827461,3.9619981979943377
2001-08-24,9.025624227963775,39.520045838557806,14.908521433934034,3.874903911681663
2001-08-25,9.299531480349632,39.531814000044946,14.281106391579888,4.105823791260069
2001-08-26,9.820784694441445,40.08885778487618,15.323579365289628,3.34494982893587
2001-08-27,11.459422315627727,37.483293633366706,14.46960326824218,3.6607543746108795
2001-08-28,9.405874297152096,38.84883745410052,15.473344449664214,3.1305221268458077
2001-08-29,9.911318726447936,38.89408230046698,14.302026055537308,4.044257899289329
2001-08-30,10.191996746738992,39.82774369163238,14.193786591838517,4.520609565599903
2001-08-31,11.24859252419324,40.02133845799529,13.802222809232143,5.054752963111734
2001-09-01,11.010750847843449,39.904890645441796,15.306256820975111,6.3939115108407325
2001-09-02,15.125993063113341,39.88885648609049,15.834552156150501,5.2751205970526325
2001-09-03,13.678492004220253,40.36099303758015,15.163267351677131,5.551316056489448
2001-09-04,13.470789766092931,40.420992592477035,14.879268202307397,5.98355288960374
2001-09-05,13.29027297548292,41.950276816346765,14.896523231031278,6.230546451055764
2001-09-06,14.305719835135024,42.63615570579068,15.128373977606758,3.99673343388858
2001-09-07,15.298443705820086,43.66896266266528,15.116789431318706,2.6115843850747344
2001-09-08,14.628214563984134,44.72432861188103,15.409474926147325,1.6736663839145567
2001-09-09,15.318054005586019,43.56907515853595,15.41213249340223,1.7744201486056244
2001-09-10,14.065884640973934,44.75881168399158,14.97674163817175,2.7666252496967574
2001-09-11,14.258329709513562,42.99512072256997,14.00514029206996,3.1502733117532826
2001-09-12,12.726951670614046,41.332215671289894,13.52860172461992,3.581898795881975
2001-09-13,13.537197384753137,40.60778229413202,14.860279399839646,3.8170711826019725
2001-09-14,13.210055484475651,39.8451405631919,14.269894614865436,2.7180102380078575
2001-09-15,12.956232176474918,39.65789130094529,14.333487671075947,2.198060672776754
2001-09-16,11.586818503652314,39.6148989287697,14.376669530103642,2.5652124850264366
2001-09-17,11.805060659931057,39.86294658830062,13.772358772669072,3.2912137726085526
2001-09-18,11.768608500444005,41.89079899658186,14.279063321180846,2.497542582864843
2001-09-19,10.168428884655665,43.46043433135045,12.887630218395739,2.547815912411602
2001-09-20,9.56065126595383,42.15554757874383,12.59172014700104,1.6779952659680153
2001-09-21,8.90048014766742,43.47907986269393,9.713671534197346,0.6176629112265826
2001-09-22,8.848836645227443,43.26323971111426,12.199279880964536,1.3240147085589657
2001-09-23,9.139854725453098,41.923525132951994,14.158949709229997,0.5348246658606133
2001-09-24,9.800646683713845,41.6325359445338,14.87439640123556,0.2802374779978833
2001-09-25,10.557617331804117,40.97987621874969,15.495005075889882,-1.0642028970405986
2001-09-26,10.094435308391912,41.48988336797854,14.531331348152204,-1.4536006847174259
2001-09-27,10.681245949106586,42.717987434722914,15.09217182066943,-3.4374704922722663
2001-09-28,11.843900442214757,43.86403625821335,15.760210371743645,-3.5493282355453695
2001-09-29,12.008259037779839,43.824319989056804,15.541381678944004,-2.5955885906874094
2001-09-30,13.525478048340105,44.307286493885016,15.565803931546846,-4.702808430696949
2001-10-01,12.638309526133169,43.14673718273293,15.702770434949828,-2.308866857622609
2001-10-02,12.42102012392682,41.131500182679204,16.25042337278352,0.3160269249624914
2001-10-03,12.544743249811004,41.41806784863077,17.070396925514913,0.5011503259149367
2001-10-04,11.063338136215961,41.425250288554025,17.49873110478285,-0.4845442601401615
2001-10-05,10.649413556054979,40.52115443357269,17.548483281011908,0.12647726180509977
2001-10-06,11.979189781213432,40.21134742083619,18.461686320396907,0.3280198910537825
2001-10-07,12.474876406854344,39.3739463692006,17.81698138158359,2.0566234463432607
2001-10-08,12.888968997525915,38.93913686098281,19.07895632996797,2.820006022086189
2001-10-09,11.740437454304718,39.72255673244819,19.176134050043366,3.2489626907673252
2001-10-10,12.11820195707063,36.94379861103067,19.14240424690137,3.045384704944243
2001-10-11,12.471973878285391,35.72585261890509,18.559796805877184,4.138603683275396
2001-10-12,11.04769962502766,35.91876070446359,18.532856986189866,5.043104273904953
2001-10-13,12.206472642788519,37.20279523033975,17.447264339591584,4.228552528327076
2001-10-14,11.915299504786777,36.71119683537851,16.279713575699077,4.820454415467492
2001-10-15,12.431432890518165,37.18536991987955,14.551276945050516,4.656757849732929
2001-10-16,12.633649931093972,36.38243898796963,13.445065484546987,3.215195984901011
2001-10-17,11.400268061107367,35.08548020764272,12.435784754621432,5.233916424122238
2001-10-18,10.041489271370013,36.68368234861204,10.117225027882967,3.6174957465373274
2001-10-19,10.562245322373,35.85227709249145,9.555518245263544,3.0188412359131194
2001-10-20,10.071997362653377,35.48268746963279,7.043107020753253,2.237118734948818
2001-10-21,10.075411791018729,34.97286358534864,5.284416242431516,2.6410966592994223
2001-10-22,10.94241369484509,36.40344833040187,6.168128460423616,2.9530288703060106
2001-10-23,11.337511462217511,35.24575753335001,5.605179519678925,2.8904438806341637
2001-10-24,11.175611477546234,33.98739880358752,5.165276103837159,6.030991172031757
2001-10-25,10.311055634666971,34.48672892957787,4.316489052105922,7.404004592771065
2001-10-26,11.588851261464823,35.298736031845785,3.6697275675386356,7.398433445011192
2001-10-27,11.091614149624274,35.62919738552711,3.838347149533531,7.701261155896904
2001-10-28,12.116815689802552,35.278575924451445,4.455513084293517,7.328068075842408
2001-10-29,10.753589093302862,35.14942309334082,2.813042000567396,8.41505089184706
2001-10-30,9.103817207011714,36.26166992068842,4.296522443440733,6.197104622843262
2001-10-31,9.88444142512638,35.997302878022,2.9322751961773745,6.917556077504158
2001-11-01,9.058193161673163,36.66916135820341,2.9069353357059664,8.020619876497125
2001-11-02,9.213489354419368,36.5062889637291,2.376817572346747,7.98921616985033
2001-11-03,9.80870501142171,36.43556330753083,3.040410634831771,8.32553026675547
2001-11-04,7.902582223140252,36.0092410277051,2.5928050919797525,7.4470260979579095
2001-11-05,8.716461674423396,34.905327029564525,2.522512612233726,6.567305862574162
2001-11-06,8.559369392861857,35.68149834759489,3.971309137950296,6.363287563045772
2001-11-07,8.424348167313106,33.400206906102845,4.453833321839651,5.232778989653392
2001-11-08,7.756929730195196,34.519909089510456,5.820660369673847,5.873730982985824
2001-11-09,8.112545927380978,35.38281949609514,7.360608582717415,6.936529428760474
2001-11-10,8.077148732559325,36.25053849635983,8.67759297090393,7.808634422043375
2001-11-11,6.745111607157818,35.44792802993648,8.109328271886119,8.382533620084377
2001-11-12,5.4164205124740805,34.54271382203748,7.636735930152494,7.476371607001863
2001-11-13,5.620993385385048,36.07465756569223,6.398650374449539,9.156591022410158
2001-11-14,4.542867654952143,36.43387272691104,7.273946533116815,8.560236566937409
2001-11-15,4.8774121127146675,33.7916962439576,6.800713001840435,9.410136030575796
2001-11-16,3.902625873352929,35.20842486944817,6.0556078438019,10.261009088629255
2001-11-17,2.7142654648779745,36.96916846812279,5.3779669142382085,10.353783112344868
2001-11-18,1.9766636446898564,36.32782925042328,5.019772667427188,10.377989335375638
2001-11-19,1.3472984089478308,36.01468430739859,5.529801644667692,11.893282149934205
2001-11-20,2.644153810501496,36.301953633202025,5.562156659565017,12.413315658430827
2001-11-21,2.4711201791170394,36.016594242599176,5.5782672224987015,12.71330452971803
2001-11-22,3.451772620051991,36.92414076915856,5.215317590930262,12.81788894158793
2001-11-23,2.88539523865568,36.76374789340007,3.887088845880462,14.275562272761851
2001-11-24,3.5081603115357645,36.33629546497733,3.706933330516222,14.687585076720872
2001-11-25,3.8322951218608328,36.74508362289338,5.421356065868154,12.951086574969532
2001-11-26,1.6192352172069726,34.191644567009334,5.638435437682171,13.443102884286185
2001-11-27,1.9017738050438513,32.644045689886696,5.864404380579891,13.193112516708894
2001-11-28,3.4578980828454435,31.834189863845836,4.7280792779701315,12.892088085658264
2001-11-29,5.049559058356466,32.885546916744644,3.994569774019623,10.990680399658089
2001-11-30,6.073328814880427,33.245808611601014,5.42206423661723,12.85831356300934
2001-12-01,6.0179596865220715,30.748056306427006,4.166031435063561,13.320573738306415
2001-12-02,5.7844176546989186,31.526734422772314,1.7021331614399244,14.73080510621574
2001-12-03,6.020887084395423,31.603891118056083,1.123955400119716,15.875625423980486
2001-12-04,7.061704632878358,31.03560239710518,1.7996036789912657,15.58863529996163
2001-12-05,7.686625497046534,30.201992249480018,2.242526101390464,15.242362352041162
2001-12-06,8.389882033871794,30.858663245659997,2.055227156295861,14.593313443814846
2001-12-07,7.754720655567555,30.366851042180564,0.8216583485098696,13.590519762787297
2001-12-08,7.265549772004492,29.974422714817774,0.22796892039966277,12.601960746332747
2001-12-09,6.308444343522694,29.017313787382196,-1.631413911954669,11.091413163414845
2001-12-10,4.915186855476117,29.642980499378936,-2.326190321416909,10.818527713189287
2001-12-11,4.834527465670418,28.83141101597695,-2.4019692933774603,11.889116564174468
2001-12-12,4.80904135126994,26.78342265588434,-2.1529122549891024,11.905046149570781
2001-12-13,3.823074176125627,26.508553722463045,-1.8912683657951679,12.196670766454536
2001-12-14,4.311692541174422,26.33315698057035,-0.6483024776009074,12.109311234925224
2001-12-15,5.55615741279831,27.2076722272254,-0.38925438224926134,14.3867686112521
2001-12-16,2.785453556193275,28.03912795784362,0.0217330782059571,14.661702078474692
2001-12-17,1.77830449163145,28.67613465658145,0.48251788159242726,13.583190311030528
2001-12-18,3.068386825104053,28.837177111059813,1.7564264933515763,12.480020054403512
2001-12-19,3.5534813829688927,28.92616946699487,1.306969690153403,11.705220571528782
2001-12-20,3.627362471498068,29.03854087191949,-1.1598870544114899,11.297528998193306
2001-12-21,2.678516935342871,28.347695478992442,-2.9049826206444975,9.845533342955207
2001-12-22,3.028397543731064,27.34011115805978,-3.6657582711608527,10.903520267555068
2001-12-23,3.7920458450680585,29.879017968822037,-4.503581186825901,12.165021948102604
2001-12-24,4.699005658706765,31.10902302150878,-6.651669482015047,12.893060437289826
2001-12-25,3.6279916744913034,30.63250962272122,-7.289669121346588,13.920109811120996
2001-12-26,4.275032250037642,30.08702994823929,-7.122864857144962,13.224603081829091
2001-12-27,4.138303123958187,29.01384002751673,-8.129236125644852,14.537225076750616
2001-12-28,4.4548683554919375,30.144872742928943,-8.657982378609216,13.920386957593962
2001-12-29,4.380781299671351,28.771934846251494,-9.766810376249625,16.491394386660545
2001-12-30,4.885141211544633,28.406914155629583,-10.301908955130198,18.146448438807386
2001-12-31,5.076614905736981,27.71922214375123,-10.392963578331287,17.533133057005696
2002-01-01,4.660762064323059,27.630977600080605,-11.564631194058975,17.474068935466914
2002-01-02,3.2825537866155905,25.30692783891369,-12.494780240240024,16.487408051756635
2002-01-03,3.5655243635960963,24.210236489640685,-13.74846557234298,16.67695880914144
2002-01-04,4.572210665374193,25.52686673286321,-13.934535236970397,17.99469558119118
2002-01-05,5.011997889622128,26.268192661460827,-13.27542155614046,19.284408999336033
2002-01-06,4.72534242668683,27.27354957570649,-12.901835769386798,20.955458175314014
2002-01-07,6.132436276652504,28.11728186228733,-11.95941531654282,20.813484908320188
2002-01-08,5.8068950733021945,29.204562589889083,-10.824324707913705,20.119500014883176
2002-01-09,4.846168213630755,29.41256255677907,-9.764320651205383,18.253705689218666
2002-01-10,5.382112729007836,30.414905732170876,-10.173556950924434,17.80926223898523
2002-01-11,5.864989609130672,29.283629720490737,-10.270947995553913,18.292350229880437
2002-01-12,5.383202232012602,28.208046182377867,-9.768145076756833,19.6797290459667
2002-01-13,4.75238662029607,29.867305818255925,-9.673986400478498,20.00068314181691
2002-01-14,6.318827025942294,29.66220110995118,-10.22441713246741,19.794825838884336
2002-01-15,6.585339187319824,28.185355061237573,-9.152979914517788,20.206399254098876
2002-01-16,8.535872011313137,29.2328734037381,-8.447453680433092,19.100045198088296
2002-01-17,9.387588291460249,29.1601784595999,-5.812236103084535,19.862769507287876
2002-01-18,10.80395307761512,27.382812179187592,-5.394169983914733,18.049624282539533
2002-01-19,8.817552298710153,26.24881538468054,-6.839918357823596,17.208469583888355
2002-01-20,8.997198569659913,25.14229835310113,-7.802829891612835,17.750232106890394
2002-01-21,9.195756659031463,24.58479728372001,-7.705223380206915,19.003598304213657
2002-01-22,8.484313350102076,23.28603866587224,-6.673492446780815,19.592471100081713
2002-01-23,9.813696810936083,22.51538126455923,-6.984780801907535,21.859188753419843
2002-01-24,10.101142206799565,20.496391203444816,-8.28976151411228,21.15965076626409
2002-01-25,10.603184947048737,20.56545435634154,-8.848989404474732,20.742264673914654
2002-01-26,9.681163327622064,20.04160052974263,-8.817241918426094,21.59426774794297
2002-01-27,9.37302648818882,18.90312951426655,-8.551692606548732,20.812483267736535
2002-01-28,9.054072907445871,17.49749632657031,-8.351419422663678,20.949351401603494
2002-01-29,8.636390219028703,17.899149199232163,-8.262052703422896,25.146835202376085
2002-01-30,9.6754741679665,17.41935611238187,-8.80093333729416,24.82333201300984
2002-01-31,8.531824448476794,18.21287278599682,-9.485556596187466,26.79455036567021
2002-02-01,8.289538294808624,18.078308158017332,-10.11006515016027,27.738283416577787
2002-02-02,6.038398261885597,17.798611344562538,-10.76803039858793,28.21007993204095
2002-02-03,7.788159935033302,17.977970743522775,-9.206722344557008,28.440829333108812
2002-02-04,7.838388933812861,18.39288552446559,-8.489861310197941,27.49211328477133
2002-02-05,8.446282359450626,18.212859904441384,-6.440116597255402,29.464624575116243
2002-02-06,7.536017422857643,18.650994957283707,-7.058632160203119,28.692809985117446
2002-02-07,7.570087669774566,15.982105506993026,-8.379061529929997,27.881822100222116
2002-02-08,6.442155550071252,15.606032460227292,-8.608324560506828,26.805792853983704
2002-02-09,5.626741867968027,13.667368228457065,-8.53931963769644,26.15933626729731
2002-02-10,4.956295786339939,14.983520372703648,-8.656564398340798,26.062297539294757
2002-02-11,4.209431224419862,16.553798197794585,-8.785406216879464,25.4188062704432
2002-02-12,3.2131551508898437,16.921207651975948,-9.58120962762269,25.619821800476632
2002-02-13,1.3746591514260273,17.69238187485453,-9.90133315807175,25.1580927942115
2002-02-14,1.5340218406485873,17.370026045155942,-9.373181178473551,24.164494052307976
2002-02-15,1.6567385874136105,16.8857144995654,-8.864180968196283,25.01814006042612
2002-02-16,1.5118832470515982,16.790373219055397,-8.400045081425628,23.735816508249247
2002-02-17,1.8329672982795508,18.02615344417552,-7.473228617733811,23.23261959763551
2002-02-18,1.0324481965373646,18.43974065607642,-8.499391077247529,24.524679531025026
2002-02-19,0.8374417519879958,20.454636885962252,-8.423284692206044,22.724303738632084
2002-02-20,0.3572902395833131,19.478672842996392,-7.6995438309835755,22.18386421710702
2002-02-21,-1.133207358730634,18.611359139082893,-9.368609278355873,22.250566102930758
2002-02-22,-1.8934223417755285,20.666113828223708,-9.077714867965486,22.93368205849906
2002-02-23,-0.8709228360214669,19.366649479967155,-8.499184393539947,22.20137418859592
2002-02-24,-0.1433486600749485,19.678032539838384,-7.080245018136561,23.50132934592821
2002-02-25,-0.7025584165334127,19.63565279249605,-7.900005135255931,23.211847879108277
2002-02-26,-1.9770927958024997,18.264039871798367,-9.572667875714448,22.937091854692913
2002-02-27,-1.8323359229322431,18.81167550484401,-10.111441711549627,23.426175288092605
2002-02-28,-2.85511077735124,19.129219420738263,-9.410801489304617,24.54391498552849
2002-03-01,-1.0034313222311495,20.275675628393607,-8.810434986456254,23.298767306650152
2002-03-02,-1.318972234477121,20.72871655107224,-9.540541078579583,23.806832218514124
2002-03-03,-1.9380602299633973,21.439622837513106,-11.231078461970935,24.907999280323565
2002-03-04,-2.2787046006385148,21.619214600279932,-10.666425842461965,25.176865064227233
2002-03-05,-3.1623347613601847,21.88125316745998,-11.44159833284549,24.73242569725165
2002-03-06,-3.351223799389908,22.83602372428694,-11.615636813638874,24.85270988502352
2002-03-07,-3.352996201054039,22.658864384416034,-12.142980555583437,23.44138521012461
2002-03-08,-3.6026468409238395,22.930445355652417,-12.07322008444265,23.696166831920493
2002-03-09,-4.131326726600364,23.072423442822256,-11.519641348726648,22.036756694214382
2002-03-10,-3.114512014984494,22.14007637598518,-12.405415926628258,23.00355974282451
2002-03-11,-2.303854168421284,20.77280145780698,-11.215161427932541,24.13109411611492
2002-03-12,-3.5370896282549804,21.208059127013918,-12.370734910796115,25.001316547169427
2002-03-13,-3.519680266571921,20.780564489769088,-12.87130573914825,25.314703572113135
2002-03-14,-3.8224946331391845,21.17229686329504,-13.09234652551857,25.14814926603751
2002-03-15,-2.9920285840405128,20.78546272303482,-11.514948618480227,25.831150067925584
2002-03-16,-1.8133980953329683,21.942197373490522,-12.527058664604667,25.056622092955784
2002-03-17,-0.49621318674667925,22.993204400041687,-11.659529181436142,26.612193894210087
2002-03-18,0.9254849775964002,23.50300894403086,-11.347447862417098,26.657159092488055
2002-03-19,-0.4854212788923611,23.974465127091044,-12.15871460588314,25.669881853263973
2002-03-20,-0.156471670677937,24.738381158984534,-13.215050863136852,24.569392026774068
2002-03-21,-0.7248022839240369,25.28143410319538,-12.320351041816435,24.97111735120517
2002-03-22,-0.8135108769861398,26.2051408425287,-11.040001507287613,23.65985765296891
2002-03-23,-0.608675260499085,26.63513641713012,-10.87038453714765,24.331169153076214
2002-03-24,0.4068470603206258,25.544169151786893,-10.386645798578686,23.284903568655565
2002-03-25,-0.1781171936997884,25.182097849544725,-10.312238649076674,23.789478545196545
2002-03-26,1.1799685160338762,25.138317453930174,-11.338584949792967,22.43297197041712
2002-03-27,0.6881160590971702,26.041110669077444,-13.00567973819016,21.868423444760758
2002-03-28,-0.6045804965668335,25.94685503461336,-12.766614921239954,20.166088177439047
2002-03-29,-0.051855673340689745,25.633346319069897,-13.66728970474228,18.034610020999505
2002-03-30,1.9373957590814905,26.96953768034803,-13.11144783239393,17.618850223854285
2002-03-31,0.8014172149875418,25.578815225089894,-13.414900536438074,18.38486500592123
2002-04-01,0.8683237508244234,26.495566817880444,-12.081857940777471,16.94873966378444
2002-04-02,0.4485048812067076,28.643433471392118,-9.784644090642136,18.4872837433188
2002-04-03,0.746256314519882,29.41611418471292,-8.879103348704101,19.365859442724442
2002-04-04,-0.027425116618536194,29.578689370864847,-8.647868171904188,19.46679181490068
2002-04-05,0.8079799280261418,29.923272609131992,-6.434446932569976,19.390108048380743
2002-04-06,2.506287967065634,30.183840022595827,-6.751508277542165,18.99398371506275
2002-04-07,2.6417964137449177,28.965873294226316,-5.250374792749759,18.82956048204316
2002-04-08,2.874493520466276,28.677596685343094,-5.437223598282673,18.421668605313492
2002-04-09,1.59919384959315,26.498983342101834,-5.878226690560321,17.52539074211969
2002-04-10,2.1464963098539336,26.735939978194107,-6.33319124474537,18.36180031711632
2002-04-11,0.33474734956293073,25.868865774401723,-4.7114908934147035,18.620981945369923
2002-04-12,-0.9160937691231277,24.050059989472757,-5.720025587941323,17.72648772749016
2002-04-13,-1.4302259335333387,21.39002280098141,-4.759957772882598,18.37115881679616
2002-04-14,-1.1058441553287586,22.07609717446815,-7.001133226295661,18.000844868496266
2002-04-15,-1.0278998416527374,23.640396051409187,-7.8232267221571465,18.6064646116616
2002-04-16,-0.7856041601199434,23.78420978125644,-6.531698305619017,20.344387522895886
2002-04-17,-0.24240538973198344,23.99571686456023,-7.154035401477692,20.39543576188273
2002-04-18,-0.2751102569067785,23.824253269382645,-6.84254339532291,20.06814928657164
2002-04-19,0.6378207612691074,23.242295846986533,-6.488966963412347,22.4030521606528
2002-04-20,-0.2098077193416713,24.987111848095456,-4.692113246449788,23.13881891929582
2002-04-21,-0.35827694480464856,26.164071977282276,-4.449724921312075,22.276235130153967
2002-04-22,-0.3252657159719628,26.657975075803687,-1.7293015652709847,21.943016457792503
2002-04-23,-0.6088564273741524,26.398718061181686,-1.7620590630697692,21.621395834732823
2002-04-24,-0.7373400562895686,25.22501157826895,-2.2582190259513233,20.93199164831571
2002-04-25,0.875240593466713,25.797996342002953,-0.3764336007776734,22.038488596515307
2002-04-26,0.12904486214301925,27.018319560036634,-0.6358358241956283,22.17049579751303
2002-04-27,0.030007368867238343,28.712278063789455,-1.6075266977943303,20.730049951874165
2002-04-28,0.4134182879167032,30.15193167631152,-1.4305591757118905,20.49734242874464
2002-04-29,0.8192706199433513,27.95779897639855,-1.9053945493295115,20.287085015070833
2002-04-30,-0.1744914223898567,28.476778978998496,-2.06969586124071,19.459464249704407
2002-05-01,1.3205438264657645,30.99733374152198,-2.9281775713114406,18.05492781891015
2002-05-02,0.6951134371239581,32.918208907483404,-4.704496173244248,17.1420870326598
2002-05-03,0.4156875997906871,32.8376919240288,-4.479972902098901,17.15311683854483
2002-05-04,-0.27839123023959716,33.54613408052852,-4.729722353599913,16.7585233242469
2002-05-05,0.6181345415837203,33.99348181961437,-4.113801189056378,17.125142582402287
2002-05-06,0.9897338008571808,35.07694657305654,-5.476783840598965,17.906769133793645
2002-05-07,1.3812493693238679,36.69494014149774,-7.842809599192336,17.26478002674222
2002-05-08,0.38016686004551126,36.23740124863018,-8.864755355441496,16.70586800625538
2002-05-09,0.5645017580985989,35.330695746828056,-11.323307282887018,17.33772478168796
2002-05-10,-0.26089330818712286,34.95722083263914,-9.864204137930903,17.79593084275937
2002-05-11,-0.5779223289832631,32.377487492438526,-8.957170017015548,18.082177126657722
2002-05-12,1.1374815411157664,32.0001723236301,-8.860735403547961,17.46235979145557
2002-05-13,2.075427084162581,30.62683238258197,-8.378421860895841,18.17402826946901
2002-05-14,2.0713113090946482,30.90967819948988,-7.192318075599349,17.16098587159871
2002-05-15,2.037695076086422,29.076719511910134,-6.7849160444687895,16.944199168756292
2002-05-16,3.6550359883991916,29.32920331539677,-7.095454193672895,16.066370996896815
2002-05-17,4.1435374008337265,29.494124682007232,-7.662958103776581,15.91300862228671
2002-05-18,4.433731722184999,28.125724195755666,-6.192038008288988,15.233606828681422
2002-05-19,4.209663035555579,27.413251499280406,-7.442389454359361,16.030559514312156
2002-05-20,3.362975390279788,26.89495103757704,-5.99270307906988,15.230276061323497
2002-05-21,3.8154811078213227,26.642400951409446,-6.772143220031949,17.159287739176754
2002-05-22,4.136369711548735,27.27181333881386,-6.593189782836797,16.870296738683674
2002-05-23,4.581649114657713,27.357201139051654,-7.500387925023588,17.380086260594112
2002-05-24,3.6275875643686506,28.097576633647634,-7.957248377226377,16.693729257996367
2002-05-25,3.5231540662396936,26.886146397643003,-8.271803591852239,16.54002173976333
2002-05-26,3.2068383345389524,25.74373491957133,-8.413389254825901,18.082807123035465
2002-05-27,3.402982276995811,25.88480870741371,-8.917757880575362,18.495441277376614
2002-05-28,4.6602019050191235,25.318674354343894,-9.320925861821063,18.84035937977339
2002-05-29,4.306417085385169,25.057447792014525,-7.576015290524811,17.33393018621583
2002-05-30,4.3628276419316965,24.168213507616652,-6.510953555299949,16.78047028249684
2002-05-31,3.7144376036965436,24.43011709270541,-6.946455132169686,18.591334515557644
2002-06-01,1.6545683481812539,24.830918131787868,-6.1517892470470485,17.76001898103777
2002-06-02,0.18095983896623635,24.329587258818876,-5.674605005025475,17.920703672499755
2002-06-03,-0.318188989544541,21.90075982782814,-5.802692383419492,19.136147229562063
2002-06-04,-0.8179572587547664,20.752225952007134,-4.030792590243969,20.92013738219664
2002-06-05,-1.4886469941181668,19.68682866115526,-4.5210733724446674,21.830264362894447
2002-06-06,-0.9273952721535369,18.447053066693694,-3.0045177924657898,20.584669787099568
2002-06-07,-1.2821048831528392,17.88809317130737,-3.287418178056455,21.983041332932256
2002-06-08,-1.6221500719149435,17.936204059535104,-3.9275354932943554,21.831248884851973
2002-06-09,1.2011521717940197,18.60788586743474,-3.1494048865421536,23.636115611903307
2002-06-10,2.2153832836494187,17.565589711432143,-1.160299376047107,23.468619904179068
2002-06-11,2.0252325286262085,17.856277068958423,-0.1369099534370526,24.18071010796045
2002-06-12,1.371682621183174,18.463730948744036,-0.06762445314116203,25.51108200323798
2002-06-13,1.7150509706691472,18.86647747744766,-0.6281112752269151,24.987418834736232
2002-06-14,2.09636096575432,21.126681926513815,-0.5110784463712799,25.83502141175738
2002-06-15,2.6314133379128624,20.60207681964615,-0.5774099692420963,26.265219159939797
2002-06-16,2.5695524485781696,21.515884094621537,1.3235861243860745,25.214290917721765
2002-06-17,2.660993627012221,22.755191947174552,-0.3668843469935841,24.49077803009844
2002-06-18,-0.04287635099150133,23.99907004165542,0.3288722882953582,25.181130064910704
2002-06-19,0.15306950173560788,23.656489016033802,0.24700570236473768,26.247535027713788
2002-06-20,0.21997634820257134,25.47685348145176,0.8214099732037949,25.053662681049506
2002-06-21,0.22845801360663626,25.62545282009462,1.4534062426125316,24.84447571172409
2002-06-22,-0.31657519388781513,25.157800500770335,2.6128006112180486,23.68151807493178
2002-06-23,-0.20260637631710615,25.847674356518002,2.513792158294017,22.363808705146752
2002-06-24,-0.7747863875329752,26.373146918733227,1.6109212123780874,22.754630365063008
2002-06-25,-2.1448429649282907,25.923902493971273,2.9490480500749747,21.028714539310293
2002-06-26,-2.82246782675748,25.87127007187165,1.9022767803210963,19.370123334415208
2002-06-27,-2.3765233818839966,26.386232767057763,2.6360182359409303,17.632277740360145
2002-06-28,-2.383402157853767,26.48929685873229,3.3467006419669776,15.857892454829107
2002-06-29,-0.07072856120366922,26.46156116586752,3.4988310047094364,15.854895907788555
2002-06-30,1.367714134845926,26.04303848631892,3.19648796923327,17.48813865825858
2002-07-01,0.7393008856746376,26.64672890315974,4.04680059465975,15.59070648519839
2002-07-02,3.129522690439176,25.984361404142614,3.272652642357985,15.546760740694918
2002-07-03,3.126677430677888,25.736255941480955,3.9384217770354155,14.1182832368833
2002-07-04,3.856448876571008,26.457576253210497,4.324954838531651,14.68948855574063
2002-07-05,4.861557490714151,26.60977482432703,3.542764902439951,16.714194880929114
2002-07-06,4.408757132055678,25.53156195764447,4.442078487206715,17.185104548911468
2002-07-07,2.6839259506470414,24.367923395995298,5.170374696550788,17.411729940292673
2002-07-08,3.247453779125927,24.142544291968985,6.413004452105923,17.79440557566905
2002-07-09,2.3331441482222526,25.53419768872582,6.684887310351129,17.03236238320778
2002-07-10,0.40330774842304984,24.672690473382527,6.102792180171416,17.36351535822854
2002-07-11,-0.5512957929712726,24.877659137744935,5.900738647737677,17.541949018358103
2002-07-12,-1.0116565027312925,24.99287645602213,4.6183322922569285,17.99518942807925
2002-07-13,0.6139020028106803,23.833983084130743,4.992719576939506,19.00907718482098
2002-07-14,0.985768441683093,24.2304637780439,5.249853205139729,19.617868822249086
2002-07-15,1.1711246278784464,24.468109566284642,7.486062981535668,20.02793573789477
2002-07-16,0.020369831459967846,25.099569610955527,8.776189934047261,20.939644541426894
2002-07-17,-0.27112393481657704,27.294922695287937,7.3305147962486235,21.424501305218538
2002-07-18,0.11243112968196972,26.60257580667981,7.551088977378855,19.457556717660193
2002-07-19,0.9205609823649794,26.655183979088626,8.043274919872559,17.395163983635
2002-07-20,1.4668274004798714,24.48843975380455,8.452157342810459,16.701005201187154
2002-07-21,0.35878706137026617,25.13915099943728,8.286625821384064,16.29670623757976
2002-07-22,0.4872695096831675,23.345779419973532,7.270419514618107,16.037333183055594
2002-07-23,1.1911305699592964,23.681219468279966,6.492277936962812,15.382525116006576
2002-07-24,1.016578221027415,22.429189143277334,6.530991696193978,15.88318546207563
2002-07-25,1.251298975377102,21.789645067525246,6.0352883650909765,16.062599780180687
2002-07-26,1.2925192134021781,21.804257310517926,5.784958493992034,14.590259042683133
2002-07-27,0.7873743505587574,20.466739706932064,6.906333779265171,13.815945454059687
2002-07-28,-0.16880165739170816,21.522033171338656,8.42149379111489,13.513428753922193
2002-07-29,-2.353980839828062,22.341751703933816,7.584655402224088,15.274182019607968
2002-07-30,-2.0623357833249396,21.207971777261356,7.624134567749369,15.930616385120128
2002-07-31,-3.454542450681063,22.14574739562906,9.202190174025947,14.55238478049214
2002-08-01,-3.193036388199882,23.65761376920937,8.701395864505525,14.844722780973694
2002-08-02,-5.451911015443199,21.485111444480236,8.566194826914625,13.336450879922376
2002-08-03,-2.8406262713865007,19.800708038202615,8.678975199377797,14.71434194516117
2002-08-04,-2.1403691438781114,18.162519624996246,6.49350072687623,15.494678312917532
2002-08-05,-0.8256123038720904,18.028505111365554,6.716102678002166,14.47349682546926
2002-08-06,-1.7706614654110877,17.11147943286118,7.033152879468706,14.758205844109606
2002-08-07,0.5775296508462311,18.37014221947215,7.73460557511181,14.793796290651771
2002-08-08,-0.2843249613129155,19.379672278332848,8.380035119644312,14.456231342411511
2002-08-09,0.024294879850306983,19.673526383242663,7.247843072148093,14.414349358498427
2002-08-10,-1.4493345067182197,18.69516956029608,7.838564470433187,13.954952722346347
2002-08-11,-2.4723324161792157,19.407665985115877,7.895281316865404,13.494054629090051
2002-08-12,-4.354006446085935,19.77075389258686,7.079204347400208,13.084904670016378
2002-08-13,-5.270146309038644,19.044256928787455,5.851946626890908,12.127565261416782
2002-08-14,-3.570759176867691,18.969449039704678,5.365519273467988,12.136379251748409
2002-08-15,-4.400918330016943,20.330455035890264,5.5185750419672,12.138730710163838
2002-08-16,-6.206461513973602,19.709463119546125,5.357707401356725,12.879256058157877
2002-08-17,-6.366612766866805,20.869653407630558,5.724250584497954,11.397922082739212
2002-08-18,-5.1104971268168295,21.642856048039175,5.330441462454137,12.103550217722978
2002-08-19,-4.845081987960862,22.99149107178059,6.1415136410344395,13.55857179268946
2002-08-20,-4.847846316399749,24.16090881422468,7.083095947583189,13.777754578010372
2002-08-21,-6.32694726046014,24.462615998793456,6.705809473242483,13.290498048781522
2002-08-22,-7.551230024502054,23.024068870308813,7.041141298644692,12.875396504001985
2002-08-23,-6.917793422868424,22.019242225712837,6.052016073993808,12.794459413651236
2002-08-24,-5.885022731707254,23.70303272819647,5.041521217226369,12.767292641450506
2002-08-25,-4.845748617784257,23.2692291280308,4.20920981330858,12.324271507569241
2002-08-26,-5.1560201160555525,22.97507938846588,4.789816635460432,13.257518211054489
2002-08-27,-6.362361628301417,22.530039212326397,3.876598951698586,14.06287633972777
2002-08-28,-5.42216013485696,21.555787044013265,4.576740603119163,13.571272413173238
2002-08-29,-4.952588698477599,21.25785678030644,3.3196535711911883,13.950862362050232
2002-08-30,-3.3981070779250735,20.375549531848325,3.819790700848893,13.636861557885323
2002-08-31,-3.4507902620054822,20.67960215777882,3.5937515388396855,16.63669208115825
2002-09-01,-2.0354826365620244,19.580404002709425,3.0539860575925895,16.87065088830274
2002-09-02,-1.547899662904807,20.464450452801596,4.893623310565589,16.390757838300857
2002-09-03,-0.48703089224603957,20.735903522345104,5.16360252643333,17.225738286525946
2002-09-04,-0.33783425424528957,22.024215821502374,7.465227396025802,15.122243418130925
2002-09-05,0.6549387143010681,22.707669845629912,7.537404163803204,14.243236757371722
2002-09-06,0.630529883526297,22.889957881753524,7.384441789277136,15.393966581282534
2002-09-07,0.884773705847901,21.22938915680583,4.691371375896448,15.097171331355794
2002-09-08,-0.1466859821043165,21.01912101065463,4.946993262185552,14.771376286572595
2002-09-09,-2.896638040837706,21.50273564993459,5.441081402044326,15.625340663292784
2002-09-10,-3.3504872668037056,20.84806253872421,4.5212139041364985,16.530164693329798
2002-09-11,-2.957923795401448,20.194220987384217,3.961265038842721,15.16462584776409
2002-09-12,-2.7367014129173777,21.682580601743997,4.6621407436211735,13.879604449665672
2002-09-13,-2.9261821646262485,20.821471789811277,5.38272013826266,15.187650849937423
2002-09-14,-3.9894417215256457,20.57092808143255,4.881712101521319,14.616667187532418
2002-09-15,-4.348485870407554,22.594868595370237,5.032286885825638,15.760147663678769
2002-09-16,-3.3870888358036937,23.659829699438426,4.308174536632613,16.34151335128887
2002-09-17,-3.850693227100918,23.701754240771066,5.621248333610515,15.96176952594704
2002-09-18,-3.030055727332292,24.338001644476027,6.533301961297928,15.462884939843882
2002-09-19,-4.559075800928772,24.80756972762813,6.849017693236642,15.212657608758267
2002-09-20,-4.445968506414789,25.196100772342717,5.124344558784601,15.276798133559673
2002-09-21,-4.738201643507983,22.88736361730901,5.841258149761432,16.00212972097043
2002-09-22,-6.487506877715723,23.962499680843646,5.198415740761831,16.486623179721832
2002-09-23,-6.680296320476289,24.428033338912403,3.7749730878396153,15.269954091259581
2002-09-24,-7.1077324019062065,23.26149182790367,4.091649606741459,17.503220090407428
2002-09-25,-7.004806725014095,23.22959783717771,3.6074653960699727,16.70679460085639
2002-09-26,-7.1582304536865164,24.19236477747853,3.8291992644821544,15.927189993324333
